"repositorio","rama","revision","base","relacion","commits_propios","commits_base_pendientes","url"
"SV-lenguaje-de-computacion","reparacion-oraculos-20260906","0096cdb948f8d2b1022e32dabc6af9e15e776e87","79069f741571efb5da5356049374ce646e6ee38e","BEHIND","0","374","https://github.com/juantoniolloretegea/SV-lenguaje-de-computacion/tree/0096cdb948f8d2b1022e32dabc6af9e15e776e87"
"SV-lenguaje-de-computacion","calidad-perfiles-contratos-ensamblaje-20260906","01796f024d0662af212f7af02f767be329e6c524","79069f741571efb5da5356049374ce646e6ee38e","BEHIND","0","387","https://github.com/juantoniolloretegea/SV-lenguaje-de-computacion/tree/01796f024d0662af212f7af02f767be329e6c524"
"SV-lenguaje-de-computacion","agent/ffl-b-e206-e207-resolve-slots","02dc7c4ec2d171c994a3a9e937bed5d43021cde8","79069f741571efb5da5356049374ce646e6ee38e","BEHIND","0","936","https://github.com/juantoniolloretegea/SV-lenguaje-de-computacion/tree/02dc7c4ec2d171c994a3a9e937bed5d43021cde8"
"SV-lenguaje-de-computacion","agent/rectificacion-retp-060-hora","02dc7c4ec2d171c994a3a9e937bed5d43021cde8","79069f741571efb5da5356049374ce646e6ee38e","BEHIND","0","936","https://github.com/juantoniolloretegea/SV-lenguaje-de-computacion/tree/02dc7c4ec2d171c994a3a9e937bed5d43021cde8"
"SV-lenguaje-de-computacion","r1-4-cierre-r1-5-apertura-2026-08-25","03e70f57a1d8cb74c4854eafa28262b9e562c8ce","79069f741571efb5da5356049374ce646e6ee38e","BEHIND","0","539","https://github.com/juantoniolloretegea/SV-lenguaje-de-computacion/tree/03e70f57a1d8cb74c4854eafa28262b9e562c8ce"
"SV-lenguaje-de-computacion","integracion-beta2-candidata-produccion-2026-08-29","046adc6ad3f91183bde62afd99a20ff8f6eae4bb","79069f741571efb5da5356049374ce646e6ee38e","BEHIND","0","468","https://github.com/juantoniolloretegea/SV-lenguaje-de-computacion/tree/046adc6ad3f91183bde62afd99a20ff8f6eae4bb"
"SV-lenguaje-de-computacion","acta-estatuto-laboratorio-doble-garantia-2026-08-22","0580a969b510fa7772593765e26b2c122c982d87","79069f741571efb5da5356049374ce646e6ee38e","BEHIND","0","896","https://github.com/juantoniolloretegea/SV-lenguaje-de-computacion/tree/0580a969b510fa7772593765e26b2c122c982d87"
"SV-lenguaje-de-computacion","agent/ffl-b-graph-conflicts-coherence","058befbd6402c80ac7bc1d10eab0d8d035126531","79069f741571efb5da5356049374ce646e6ee38e","BEHIND","0","933","https://github.com/juantoniolloretegea/SV-lenguaje-de-computacion/tree/058befbd6402c80ac7bc1d10eab0d8d035126531"
"SV-lenguaje-de-computacion","agent/ffl-b-e114-rs1-simple-concurrency","0911d246050a9f739a3b8235f3bfd861584b4273","79069f741571efb5da5356049374ce646e6ee38e","BEHIND","0","930","https://github.com/juantoniolloretegea/SV-lenguaje-de-computacion/tree/0911d246050a9f739a3b8235f3bfd861584b4273"
"SV-lenguaje-de-computacion","sec0-vectores-adversariales-portables-2026-08-22","094ff3ebc5952aa56557962de67996ce7fadffd7","79069f741571efb5da5356049374ce646e6ee38e","BEHIND","0","874","https://github.com/juantoniolloretegea/SV-lenguaje-de-computacion/tree/094ff3ebc5952aa56557962de67996ce7fadffd7"
"SV-lenguaje-de-computacion","ajuste-final-color-perfiles-20260829","0bf648b8a6d520ecc593eb7a41a060401c8e5a78","79069f741571efb5da5356049374ce646e6ee38e","BEHIND","0","462","https://github.com/juantoniolloretegea/SV-lenguaje-de-computacion/tree/0bf648b8a6d520ecc593eb7a41a060401c8e5a78"
"SV-lenguaje-de-computacion","agent/ffl-b-evaluable-state-reconcile","0fde188d77a3ebd2fb08f2ba33f51dd173a834c4","79069f741571efb5da5356049374ce646e6ee38e","BEHIND","0","952","https://github.com/juantoniolloretegea/SV-lenguaje-de-computacion/tree/0fde188d77a3ebd2fb08f2ba33f51dd173a834c4"
"SV-lenguaje-de-computacion","arquitectura-entorno-soberano-rust-v0-2026-08-22","10a8fff9e5f5911cb81c7b2732d369e4da7d78ec","79069f741571efb5da5356049374ce646e6ee38e","BEHIND","0","887","https://github.com/juantoniolloretegea/SV-lenguaje-de-computacion/tree/10a8fff9e5f5911cb81c7b2732d369e4da7d78ec"
"SV-lenguaje-de-computacion","sv-auth-v0.2","12874332ba1dfa28d2a00ca265f2ece8164871a0","79069f741571efb5da5356049374ce646e6ee38e","DIVERGED","9","1021","https://github.com/juantoniolloretegea/SV-lenguaje-de-computacion/tree/12874332ba1dfa28d2a00ca265f2ece8164871a0"
"SV-lenguaje-de-computacion","r1-3-unidad-3e-reutilizacion-vigencia-2026-08-25","12c41bd241f6275bb630f431a9aaa890f27c5ae1","79069f741571efb5da5356049374ce646e6ee38e","BEHIND","0","574","https://github.com/juantoniolloretegea/SV-lenguaje-de-computacion/tree/12c41bd241f6275bb630f431a9aaa890f27c5ae1"
"SV-lenguaje-de-computacion","manifiesto-sv-20260913","1469b08272f5d5c10e406dfa77f76a4d11c3accc","79069f741571efb5da5356049374ce646e6ee38e","BEHIND","0","184","https://github.com/juantoniolloretegea/SV-lenguaje-de-computacion/tree/1469b08272f5d5c10e406dfa77f76a4d11c3accc"
"SV-lenguaje-de-computacion","r1-4-unidad-3-ejecucion-gobernada-2026-08-25","148d66ee3ad8e3efca48f9d7bffefc02a9d25b1a","79069f741571efb5da5356049374ce646e6ee38e","BEHIND","0","542","https://github.com/juantoniolloretegea/SV-lenguaje-de-computacion/tree/148d66ee3ad8e3efca48f9d7bffefc02a9d25b1a"
"SV-lenguaje-de-computacion","agent/ffl-b-e215-gate-table-signature","15398f3441c80168f5d09866b0cba4e74221a6aa","79069f741571efb5da5356049374ce646e6ee38e","BEHIND","0","927","https://github.com/juantoniolloretegea/SV-lenguaje-de-computacion/tree/15398f3441c80168f5d09866b0cba4e74221a6aa"
"SV-lenguaje-de-computacion","fix/historial-beta-local-renderizado-20260829","162bd9252ec6639f680f23eaace14bc12309791a","79069f741571efb5da5356049374ce646e6ee38e","BEHIND","0","453","https://github.com/juantoniolloretegea/SV-lenguaje-de-computacion/tree/162bd9252ec6639f680f23eaace14bc12309791a"
"SV-lenguaje-de-computacion","r1-5-traza-determinista-2026-08-25","1bdb24f205c21ed61898d72b4444553c48156103","79069f741571efb5da5356049374ce646e6ee38e","BEHIND","0","527","https://github.com/juantoniolloretegea/SV-lenguaje-de-computacion/tree/1bdb24f205c21ed61898d72b4444553c48156103"
"SV-lenguaje-de-computacion","recepcion-gh-20260907","1cbe4b9e6d9c484e540f1385109b38badc800c4f","79069f741571efb5da5356049374ce646e6ee38e","BEHIND","0","348","https://github.com/juantoniolloretegea/SV-lenguaje-de-computacion/tree/1cbe4b9e6d9c484e540f1385109b38badc800c4f"
"SV-lenguaje-de-computacion","r0-wasm-paridad-tres-vias-2026-08-24","20a1f95cbf1bdbfb4f16cd39335bd71ca1d1c606","79069f741571efb5da5356049374ce646e6ee38e","BEHIND","0","703","https://github.com/juantoniolloretegea/SV-lenguaje-de-computacion/tree/20a1f95cbf1bdbfb4f16cd39335bd71ca1d1c606"
"SV-lenguaje-de-computacion","preparacion-r1-3-req-aplicabilidad-resultados-2026-08-25","212749413782ff7456f7e5e05e30eed39f3c28b0","79069f741571efb5da5356049374ce646e6ee38e","DIVERGED","1","639","https://github.com/juantoniolloretegea/SV-lenguaje-de-computacion/tree/212749413782ff7456f7e5e05e30eed39f3c28b0"
"SV-lenguaje-de-computacion","k1-t-20260907","23fa9a4886dbfcbd948d83645f66c04a24bfc5d5","79069f741571efb5da5356049374ce646e6ee38e","BEHIND","0","355","https://github.com/juantoniolloretegea/SV-lenguaje-de-computacion/tree/23fa9a4886dbfcbd948d83645f66c04a24bfc5d5"
"SV-lenguaje-de-computacion","traceable-learning-ir-v0.1","241f4f141c50a5250fdc94622d25de61c14d37dc","79069f741571efb5da5356049374ce646e6ee38e","DIVERGED","3","1019","https://github.com/juantoniolloretegea/SV-lenguaje-de-computacion/tree/241f4f141c50a5250fdc94622d25de61c14d37dc"
"SV-lenguaje-de-computacion","apertura-r1-3-req-aplicabilidad-resultados-2026-08-25","278b04807a0fb11cdf3930ba7c7e9e209f0a2116","79069f741571efb5da5356049374ce646e6ee38e","BEHIND","0","636","https://github.com/juantoniolloretegea/SV-lenguaje-de-computacion/tree/278b04807a0fb11cdf3930ba7c7e9e209f0a2116"
"SV-lenguaje-de-computacion","correccion-transitiondata-oraculos-nativos-20260907","29984b41ce68813e90fb3dbc0ba47de9593b8561","79069f741571efb5da5356049374ce646e6ee38e","BEHIND","0","336","https://github.com/juantoniolloretegea/SV-lenguaje-de-computacion/tree/29984b41ce68813e90fb3dbc0ba47de9593b8561"
"SV-lenguaje-de-computacion","r1-3-unidad-3d-cobertura-constituida-2026-08-25","2d5dd2da2ecbddc1c93cbae7ed2770cc27cefa3f","79069f741571efb5da5356049374ce646e6ee38e","BEHIND","0","587","https://github.com/juantoniolloretegea/SV-lenguaje-de-computacion/tree/2d5dd2da2ecbddc1c93cbae7ed2770cc27cefa3f"
"SV-lenguaje-de-computacion","fila7-verificacion-sin-python-gh-20260908","2f4581cc80307053e2b93b3f2e3be3a3caac8d82","79069f741571efb5da5356049374ce646e6ee38e","BEHIND","0","318","https://github.com/juantoniolloretegea/SV-lenguaje-de-computacion/tree/2f4581cc80307053e2b93b3f2e3be3a3caac8d82"
"SV-lenguaje-de-computacion","f-if-20260907","2f5499299c99557ddc3b89f3adc66c4b4d8d3427","79069f741571efb5da5356049374ce646e6ee38e","BEHIND","0","351","https://github.com/juantoniolloretegea/SV-lenguaje-de-computacion/tree/2f5499299c99557ddc3b89f3adc66c4b4d8d3427"
"SV-lenguaje-de-computacion","fix/cierre-conformidad-b2-20260829","307c9ba80925385fa79fae717f4e9b0c68e58ac4","79069f741571efb5da5356049374ce646e6ee38e","BEHIND","0","431","https://github.com/juantoniolloretegea/SV-lenguaje-de-computacion/tree/307c9ba80925385fa79fae717f4e9b0c68e58ac4"
"SV-lenguaje-de-computacion","fila7-candidata-completa-20260908","316facc2284858600d2c72fa44e8c715ab047373","79069f741571efb5da5356049374ce646e6ee38e","BEHIND","0","315","https://github.com/juantoniolloretegea/SV-lenguaje-de-computacion/tree/316facc2284858600d2c72fa44e8c715ab047373"
"SV-lenguaje-de-computacion","r0-3-c01-safety-check-temp","34b38145f5a240b55a229a249c7adf2656cea1ab","79069f741571efb5da5356049374ce646e6ee38e","BEHIND","0","754","https://github.com/juantoniolloretegea/SV-lenguaje-de-computacion/tree/34b38145f5a240b55a229a249c7adf2656cea1ab"
"SV-lenguaje-de-computacion","package/cloudflare-b2-final-20260829","35d18cfb05c9eb1b2b3ec13573ff5c9f36c84811","79069f741571efb5da5356049374ce646e6ee38e","DIVERGED","1","430","https://github.com/juantoniolloretegea/SV-lenguaje-de-computacion/tree/35d18cfb05c9eb1b2b3ec13573ff5c9f36c84811"
"SV-lenguaje-de-computacion","n0-02-output-semantics-20260906","3bb8c036c968ea984d219e8f39d624a200fea587","79069f741571efb5da5356049374ce646e6ee38e","BEHIND","0","372","https://github.com/juantoniolloretegea/SV-lenguaje-de-computacion/tree/3bb8c036c968ea984d219e8f39d624a200fea587"
"SV-lenguaje-de-computacion","k1-horizon-events-20260907","42b229c40fd4cb39fe8d67739251d13ff15d0a5f","79069f741571efb5da5356049374ce646e6ee38e","BEHIND","0","363","https://github.com/juantoniolloretegea/SV-lenguaje-de-computacion/tree/42b229c40fd4cb39fe8d67739251d13ff15d0a5f"
"SV-lenguaje-de-computacion","r1-2-transiciones-y-genesis-2026-08-24","451fb8cee50bf2fa6a3eb8d70bd962133148a6fb","79069f741571efb5da5356049374ce646e6ee38e","BEHIND","0","643","https://github.com/juantoniolloretegea/SV-lenguaje-de-computacion/tree/451fb8cee50bf2fa6a3eb8d70bd962133148a6fb"
"SV-lenguaje-de-computacion","diagnosticos-es-en-20260909","45cf0d5fb4674500fc1f089418c9f362e177e0be","79069f741571efb5da5356049374ce646e6ee38e","DIVERGED","8","290","https://github.com/juantoniolloretegea/SV-lenguaje-de-computacion/tree/45cf0d5fb4674500fc1f089418c9f362e177e0be"
"SV-lenguaje-de-computacion","r2-0-contrato-persistencia-continuidad-2026-08-25","473ed5403553f8aee270fe884d0f9d524dc14429","79069f741571efb5da5356049374ce646e6ee38e","BEHIND","0","515","https://github.com/juantoniolloretegea/SV-lenguaje-de-computacion/tree/473ed5403553f8aee270fe884d0f9d524dc14429"
"SV-lenguaje-de-computacion","agent/retp061-csv-transfer","4743047ccc7e9529fb58044367fa9a983e921ac9","79069f741571efb5da5356049374ce646e6ee38e","BEHIND","0","934","https://github.com/juantoniolloretegea/SV-lenguaje-de-computacion/tree/4743047ccc7e9529fb58044367fa9a983e921ac9"
"SV-lenguaje-de-computacion","r0-3-c01-2026-08-23","48159b9278c701db7d8997b884f06ad03dd4f74b","79069f741571efb5da5356049374ce646e6ee38e","BEHIND","0","749","https://github.com/juantoniolloretegea/SV-lenguaje-de-computacion/tree/48159b9278c701db7d8997b884f06ad03dd4f74b"
"SV-lenguaje-de-computacion","valoracion-op-imm-001-20260903","48bf7f0c80e6bd253765b3e90531807a9251a74e","79069f741571efb5da5356049374ce646e6ee38e","BEHIND","0","403","https://github.com/juantoniolloretegea/SV-lenguaje-de-computacion/tree/48bf7f0c80e6bd253765b3e90531807a9251a74e"
"SV-lenguaje-de-computacion","sec0-realizacion-adversarial-v2","4a8ee467bca76c006648964f8500c56ca401cd58","79069f741571efb5da5356049374ce646e6ee38e","DIVERGED","4","897","https://github.com/juantoniolloretegea/SV-lenguaje-de-computacion/tree/4a8ee467bca76c006648964f8500c56ca401cd58"
"SV-lenguaje-de-computacion","reconciliacion-documento-iii-20260907","4eb8de01095c7cd8686669cd2bd97704de778cf5","79069f741571efb5da5356049374ce646e6ee38e","BEHIND","0","361","https://github.com/juantoniolloretegea/SV-lenguaje-de-computacion/tree/4eb8de01095c7cd8686669cd2bd97704de778cf5"
"SV-lenguaje-de-computacion","cierre-playground-b2-calidad-20260830","4ed436510e5373b046ccfa0d0245ce0f1eeb7608","79069f741571efb5da5356049374ce646e6ee38e","DIVERGED","4","417","https://github.com/juantoniolloretegea/SV-lenguaje-de-computacion/tree/4ed436510e5373b046ccfa0d0245ce0f1eeb7608"
"SV-lenguaje-de-computacion","n0-03-proyeccion-json-20260906","4ee84df2572f0eb873e4a79637aa061f6373fddb","79069f741571efb5da5356049374ce646e6ee38e","BEHIND","0","370","https://github.com/juantoniolloretegea/SV-lenguaje-de-computacion/tree/4ee84df2572f0eb873e4a79637aa061f6373fddb"
"SV-lenguaje-de-computacion","actualiza-readme-principal-2026-08-23","536b85547176888ce32fdc6c37fe4d471d18b3af","79069f741571efb5da5356049374ce646e6ee38e","BEHIND","0","783","https://github.com/juantoniolloretegea/SV-lenguaje-de-computacion/tree/536b85547176888ce32fdc6c37fe4d471d18b3af"
"SV-lenguaje-de-computacion","r1-4-unidad-1-decision-permiso-2026-08-25","5382d779c04eb25917a55ac4999107b13651321d","79069f741571efb5da5356049374ce646e6ee38e","BEHIND","0","565","https://github.com/juantoniolloretegea/SV-lenguaje-de-computacion/tree/5382d779c04eb25917a55ac4999107b13651321d"
"SV-lenguaje-de-computacion","agent/ffl-b-e213-e214-projection","552a142276c08fdba4db5281d67af774f14ed1f6","79069f741571efb5da5356049374ce646e6ee38e","BEHIND","0","938","https://github.com/juantoniolloretegea/SV-lenguaje-de-computacion/tree/552a142276c08fdba4db5281d67af774f14ed1f6"
"SV-lenguaje-de-computacion","agent/ffl-b-e213-e214-projection-closed","552a142276c08fdba4db5281d67af774f14ed1f6","79069f741571efb5da5356049374ce646e6ee38e","BEHIND","0","938","https://github.com/juantoniolloretegea/SV-lenguaje-de-computacion/tree/552a142276c08fdba4db5281d67af774f14ed1f6"
"SV-lenguaje-de-computacion","historial-versiones-diferencias-2026-08-23","57b6dfa9f26c19300126513a41630b56dc3db489","79069f741571efb5da5356049374ce646e6ee38e","BEHIND","0","786","https://github.com/juantoniolloretegea/SV-lenguaje-de-computacion/tree/57b6dfa9f26c19300126513a41630b56dc3db489"
"SV-lenguaje-de-computacion","agent/staging-e011-table-output","58a9eaf9880f60bef09ced796e7511899cec8ad0","79069f741571efb5da5356049374ce646e6ee38e","DIVERGED","2","941","https://github.com/juantoniolloretegea/SV-lenguaje-de-computacion/tree/58a9eaf9880f60bef09ced796e7511899cec8ad0"
"SV-lenguaje-de-computacion","sec0-cierre-correctivo-t0-continuidad-2026-08-22","597f6851307513f3a64013cbdd935a1077776174","79069f741571efb5da5356049374ce646e6ee38e","BEHIND","0","854","https://github.com/juantoniolloretegea/SV-lenguaje-de-computacion/tree/597f6851307513f3a64013cbdd935a1077776174"
"SV-lenguaje-de-computacion","agent/ffl-b-supervisable-payload-typing","59e055ea8a66437c91558e1e8096eb5c6e670b8c","79069f741571efb5da5356049374ce646e6ee38e","BEHIND","0","929","https://github.com/juantoniolloretegea/SV-lenguaje-de-computacion/tree/59e055ea8a66437c91558e1e8096eb5c6e670b8c"
"SV-lenguaje-de-computacion","continuidad-secuencia-perfiles-20260906","59e822a72e6d73d202abaec68d22761ea1bf9f13","79069f741571efb5da5356049374ce646e6ee38e","BEHIND","0","385","https://github.com/juantoniolloretegea/SV-lenguaje-de-computacion/tree/59e822a72e6d73d202abaec68d22761ea1bf9f13"
"SV-lenguaje-de-computacion","r0-2-frame-relacional-2026-08-23","5c83b1665ee2f8a957d5b2c8d1f7df23d3e01363","79069f741571efb5da5356049374ce646e6ee38e","BEHIND","0","755","https://github.com/juantoniolloretegea/SV-lenguaje-de-computacion/tree/5c83b1665ee2f8a957d5b2c8d1f7df23d3e01363"
"SV-lenguaje-de-computacion","retorno-cyb-op001-20260909","60bfdf44b2391d2a8bf85a4b37791a6dabd300c8","79069f741571efb5da5356049374ce646e6ee38e","BEHIND","0","303","https://github.com/juantoniolloretegea/SV-lenguaje-de-computacion/tree/60bfdf44b2391d2a8bf85a4b37791a6dabd300c8"
"SV-lenguaje-de-computacion","ajuste-historial-beta-renderizado-20260829","61e7308ff0d235a6d65aa513ce712b0554e98510","79069f741571efb5da5356049374ce646e6ee38e","BEHIND","0","460","https://github.com/juantoniolloretegea/SV-lenguaje-de-computacion/tree/61e7308ff0d235a6d65aa513ce712b0554e98510"
"SV-lenguaje-de-computacion","r0-entorno-publico-cloudflare-historico-python-2026-08-24","66935cb6246da6b8d321eb3789276b1d19834505","79069f741571efb5da5356049374ce646e6ee38e","BEHIND","0","691","https://github.com/juantoniolloretegea/SV-lenguaje-de-computacion/tree/66935cb6246da6b8d321eb3789276b1d19834505"
"SV-lenguaje-de-computacion","historial-versiones-calidad-2026-08-23","68063055ac107d6795e1cca8b9d90ec5032a36f5","79069f741571efb5da5356049374ce646e6ee38e","BEHIND","0","789","https://github.com/juantoniolloretegea/SV-lenguaje-de-computacion/tree/68063055ac107d6795e1cca8b9d90ec5032a36f5"
"SV-lenguaje-de-computacion","ajuste-menu-ejemplos-centrado-20260829","683d9e00054b410703484a51d867cbf83f77bc6a","79069f741571efb5da5356049374ce646e6ee38e","BEHIND","0","457","https://github.com/juantoniolloretegea/SV-lenguaje-de-computacion/tree/683d9e00054b410703484a51d867cbf83f77bc6a"
"SV-lenguaje-de-computacion","k1-dfl010-20260907","684b122e267a465e88b7ce57c209f0aa3aeea93c","79069f741571efb5da5356049374ce646e6ee38e","BEHIND","0","357","https://github.com/juantoniolloretegea/SV-lenguaje-de-computacion/tree/684b122e267a465e88b7ce57c209f0aa3aeea93c"
"SV-lenguaje-de-computacion","consumo-cyb-regla-exacta-20260909","6ac0bdc33ecbe568e11247232e45280c91ed3d4d","79069f741571efb5da5356049374ce646e6ee38e","BEHIND","0","291","https://github.com/juantoniolloretegea/SV-lenguaje-de-computacion/tree/6ac0bdc33ecbe568e11247232e45280c91ed3d4d"
"SV-lenguaje-de-computacion","k1-domain-parameters-20260907","6d8052c7b3c11564bf5d10b1f26467df4f24c328","79069f741571efb5da5356049374ce646e6ee38e","BEHIND","0","359","https://github.com/juantoniolloretegea/SV-lenguaje-de-computacion/tree/6d8052c7b3c11564bf5d10b1f26467df4f24c328"
"SV-lenguaje-de-computacion","r1-4-unidad-2-mediacion-efecto-protegido-2026-08-25","6dd64eb7e30b1f0b3d0ce3f12d008e1fcd49f080","79069f741571efb5da5356049374ce646e6ee38e","BEHIND","0","551","https://github.com/juantoniolloretegea/SV-lenguaje-de-computacion/tree/6dd64eb7e30b1f0b3d0ce3f12d008e1fcd49f080"
"SV-lenguaje-de-computacion","r1-3-unidad-3a-conflicto-sin-regla-2026-08-25","6e3375c222a5a3da525d49f795d596f3c10488ac","79069f741571efb5da5356049374ce646e6ee38e","BEHIND","0","622","https://github.com/juantoniolloretegea/SV-lenguaje-de-computacion/tree/6e3375c222a5a3da525d49f795d596f3c10488ac"
"SV-lenguaje-de-computacion","cierre-integral-r0-2026-08-24","71b9fcd7d22e2333527aa001bee76e054fe5f144","79069f741571efb5da5356049374ce646e6ee38e","BEHIND","0","681","https://github.com/juantoniolloretegea/SV-lenguaje-de-computacion/tree/71b9fcd7d22e2333527aa001bee76e054fe5f144"
"SV-lenguaje-de-computacion","r1-6-regresion-cierre-fase-2026-08-25","7210843305f450f36e7544e9a36699216d1b93a8","79069f741571efb5da5356049374ce646e6ee38e","BEHIND","0","521","https://github.com/juantoniolloretegea/SV-lenguaje-de-computacion/tree/7210843305f450f36e7544e9a36699216d1b93a8"
"SV-lenguaje-de-computacion","r1-3-unidad-2-constitucion-inicial-req-aplicable-2026-08-25","74dda31de899c4102f6c44502f869b93ae2b6014","79069f741571efb5da5356049374ce646e6ee38e","BEHIND","0","626","https://github.com/juantoniolloretegea/SV-lenguaje-de-computacion/tree/74dda31de899c4102f6c44502f869b93ae2b6014"
"SV-lenguaje-de-computacion","tmp-cross-repo-blob-test-20260829-2","79311c516288537e625f444f13826ed86227cca2","79069f741571efb5da5356049374ce646e6ee38e","BEHIND","0","508","https://github.com/juantoniolloretegea/SV-lenguaje-de-computacion/tree/79311c516288537e625f444f13826ed86227cca2"
"SV-lenguaje-de-computacion","tmp-cross-repo-blob-test-20260829-3","79311c516288537e625f444f13826ed86227cca2","79069f741571efb5da5356049374ce646e6ee38e","BEHIND","0","508","https://github.com/juantoniolloretegea/SV-lenguaje-de-computacion/tree/79311c516288537e625f444f13826ed86227cca2"
"SV-lenguaje-de-computacion","tmp-cross-repo-blob-test-20260829","79311c516288537e625f444f13826ed86227cca2","79069f741571efb5da5356049374ce646e6ee38e","BEHIND","0","508","https://github.com/juantoniolloretegea/SV-lenguaje-de-computacion/tree/79311c516288537e625f444f13826ed86227cca2"
"SV-lenguaje-de-computacion","agent/retira-cocina-interna-calidad-2026-08-18","7d9da2580a0301a7efe346389011a8bc66cbab07","79069f741571efb5da5356049374ce646e6ee38e","BEHIND","0","942","https://github.com/juantoniolloretegea/SV-lenguaje-de-computacion/tree/7d9da2580a0301a7efe346389011a8bc66cbab07"
"SV-lenguaje-de-computacion","fix/runtime-beta-history-links-20260829","86efa7ca2a8786d92235977e2df44c01e57e130b","79069f741571efb5da5356049374ce646e6ee38e","BEHIND","0","452","https://github.com/juantoniolloretegea/SV-lenguaje-de-computacion/tree/86efa7ca2a8786d92235977e2df44c01e57e130b"
"SV-lenguaje-de-computacion","agent/calidad-recepcion-latente-no-clausura-2026-08-19","888be8d559371d7c9478d7f9db5e77b0593dcb7e","79069f741571efb5da5356049374ce646e6ee38e","DIVERGED","5","938","https://github.com/juantoniolloretegea/SV-lenguaje-de-computacion/tree/888be8d559371d7c9478d7f9db5e77b0593dcb7e"
"SV-lenguaje-de-computacion","reconciliacion-transversal-autonomia-auditabilidad-ia-2026-08-24","930d95be946f6e8218d3ce95b1922d043f7c93fe","79069f741571efb5da5356049374ce646e6ee38e","DIVERGED","5","741","https://github.com/juantoniolloretegea/SV-lenguaje-de-computacion/tree/930d95be946f6e8218d3ce95b1922d043f7c93fe"
"SV-lenguaje-de-computacion","reconciliacion-transversal-autonomia-auditabilidad-ia-2026-08-24-limpia","9403ed9dacff95e40c0077f14e5f9000b049d9ef","79069f741571efb5da5356049374ce646e6ee38e","DIVERGED","3","741","https://github.com/juantoniolloretegea/SV-lenguaje-de-computacion/tree/9403ed9dacff95e40c0077f14e5f9000b049d9ef"
"SV-lenguaje-de-computacion","pilares-restricciones-diseno-lenguaje-20260905","94dbba52bdbb9e4c57551a451a7f7cba662f6bb0","79069f741571efb5da5356049374ce646e6ee38e","BEHIND","0","389","https://github.com/juantoniolloretegea/SV-lenguaje-de-computacion/tree/94dbba52bdbb9e4c57551a451a7f7cba662f6bb0"
"SV-lenguaje-de-computacion","ga0-d0-lex-trabajo-2026-08-27","97123e14876f7c13a1b93e988b7b76a643154cda","79069f741571efb5da5356049374ce646e6ee38e","BEHIND","0","511","https://github.com/juantoniolloretegea/SV-lenguaje-de-computacion/tree/97123e14876f7c13a1b93e988b7b76a643154cda"
"SV-lenguaje-de-computacion","r1-apertura-autoridad-mediacion-2026-08-24","9afc41f7899ce11432fd0c74fde65acf4899d25e","79069f741571efb5da5356049374ce646e6ee38e","BEHIND","0","677","https://github.com/juantoniolloretegea/SV-lenguaje-de-computacion/tree/9afc41f7899ce11432fd0c74fde65acf4899d25e"
"SV-lenguaje-de-computacion","r1-3-unidad-3b-regla-resolucion-constituida-2026-08-25","a541bfccfe7accdf5f61884b8c63fba80a437552","79069f741571efb5da5356049374ce646e6ee38e","BEHIND","0","614","https://github.com/juantoniolloretegea/SV-lenguaje-de-computacion/tree/a541bfccfe7accdf5f61884b8c63fba80a437552"
"SV-lenguaje-de-computacion","agent/ffl-b-e406-min-transition","a9095b500bd7bd10b8d84137a99686bfb91ed34d","79069f741571efb5da5356049374ce646e6ee38e","BEHIND","0","948","https://github.com/juantoniolloretegea/SV-lenguaje-de-computacion/tree/a9095b500bd7bd10b8d84137a99686bfb91ed34d"
"SV-lenguaje-de-computacion","fila7-auditoria-fronteras-20260908","ab61d9bb7a2002d3a4a389e292c2a9b0a850d264","79069f741571efb5da5356049374ce646e6ee38e","BEHIND","0","309","https://github.com/juantoniolloretegea/SV-lenguaje-de-computacion/tree/ab61d9bb7a2002d3a4a389e292c2a9b0a850d264"
"SV-lenguaje-de-computacion","fila7-integracion-entrega-cyb-20260908","ab61d9bb7a2002d3a4a389e292c2a9b0a850d264","79069f741571efb5da5356049374ce646e6ee38e","BEHIND","0","309","https://github.com/juantoniolloretegea/SV-lenguaje-de-computacion/tree/ab61d9bb7a2002d3a4a389e292c2a9b0a850d264"
"SV-lenguaje-de-computacion","r0-core-rust-wasm-2026-08-23","abbc02fe2819bc1addf0f2348fe09ffb7551b260","79069f741571efb5da5356049374ce646e6ee38e","BEHIND","0","778","https://github.com/juantoniolloretegea/SV-lenguaje-de-computacion/tree/abbc02fe2819bc1addf0f2348fe09ffb7551b260"
"SV-lenguaje-de-computacion","r0-4-c02-2026-08-23","b1169bcb988bb2691892581bb9e2f052085b45db","79069f741571efb5da5356049374ce646e6ee38e","BEHIND","0","747","https://github.com/juantoniolloretegea/SV-lenguaje-de-computacion/tree/b1169bcb988bb2691892581bb9e2f052085b45db"
"SV-lenguaje-de-computacion","agent/registro-no-clausura-certificada","b40ef51bdbba9a29e33834d30bc77f17ac57a8d6","79069f741571efb5da5356049374ce646e6ee38e","DIVERGED","5","938","https://github.com/juantoniolloretegea/SV-lenguaje-de-computacion/tree/b40ef51bdbba9a29e33834d30bc77f17ac57a8d6"
"SV-lenguaje-de-computacion","r0-5-c03-2026-08-23","b4e908c915f3a2173126c3d144009059d9b81eb8","79069f741571efb5da5356049374ce646e6ee38e","BEHIND","0","742","https://github.com/juantoniolloretegea/SV-lenguaje-de-computacion/tree/b4e908c915f3a2173126c3d144009059d9b81eb8"
"SV-lenguaje-de-computacion","r1-0-tipos-cerrados-control-2026-08-24","b5bc9e619908e3dfde5c6f49fb875f7faac15a83","79069f741571efb5da5356049374ce646e6ee38e","BEHIND","0","665","https://github.com/juantoniolloretegea/SV-lenguaje-de-computacion/tree/b5bc9e619908e3dfde5c6f49fb875f7faac15a83"
"SV-lenguaje-de-computacion","agent/ffl-b-e011-table-output","bce17c5936b07ca0dddd76c1f6f021a242166676","79069f741571efb5da5356049374ce646e6ee38e","BEHIND","0","940","https://github.com/juantoniolloretegea/SV-lenguaje-de-computacion/tree/bce17c5936b07ca0dddd76c1f6f021a242166676"
"SV-lenguaje-de-computacion","agent/calidad-recepcion-latente-060-limpia","be68345d0a27b10bca083ae260e2e12270c469aa","79069f741571efb5da5356049374ce646e6ee38e","BEHIND","0","937","https://github.com/juantoniolloretegea/SV-lenguaje-de-computacion/tree/be68345d0a27b10bca083ae260e2e12270c469aa"
"SV-lenguaje-de-computacion","playground-0-2-0-3-2026-08-23","c5b6eb3a09e0af8223c3e477402adb939039764d","79069f741571efb5da5356049374ce646e6ee38e","BEHIND","0","797","https://github.com/juantoniolloretegea/SV-lenguaje-de-computacion/tree/c5b6eb3a09e0af8223c3e477402adb939039764d"
"SV-lenguaje-de-computacion","quality/cierre-b2-conformidad-20260829","ca0ec068214600ae3cfd44927eb08176f3c71c53","79069f741571efb5da5356049374ce646e6ee38e","DIVERGED","11","430","https://github.com/juantoniolloretegea/SV-lenguaje-de-computacion/tree/ca0ec068214600ae3cfd44927eb08176f3c71c53"
"SV-lenguaje-de-computacion","fila7-resolucion-perdidas-20260908","ccc007578e23df3a304208733687824e2f241438","79069f741571efb5da5356049374ce646e6ee38e","BEHIND","0","321","https://github.com/juantoniolloretegea/SV-lenguaje-de-computacion/tree/ccc007578e23df3a304208733687824e2f241438"
"SV-lenguaje-de-computacion","r1-cierre-r2-apertura-2026-08-25","d0e7fa552992bc921f68dd6584e3a8cadbdee576","79069f741571efb5da5356049374ce646e6ee38e","BEHIND","0","518","https://github.com/juantoniolloretegea/SV-lenguaje-de-computacion/tree/d0e7fa552992bc921f68dd6584e3a8cadbdee576"
"SV-lenguaje-de-computacion","fila7-ligaduras-materiales-20260908","d374e1cb373a3dcd141faf482f9501ceb47a7e0b","79069f741571efb5da5356049374ce646e6ee38e","BEHIND","0","328","https://github.com/juantoniolloretegea/SV-lenguaje-de-computacion/tree/d374e1cb373a3dcd141faf482f9501ceb47a7e0b"
"SV-lenguaje-de-computacion","r0-7-equivalencia-svp-rust-soberano-2026-08-24","d8a7ece7318df4f8eb82d1cff39e835446f4687b","79069f741571efb5da5356049374ce646e6ee38e","BEHIND","0","725","https://github.com/juantoniolloretegea/SV-lenguaje-de-computacion/tree/d8a7ece7318df4f8eb82d1cff39e835446f4687b"
"SV-lenguaje-de-computacion","r1-3-cierre-consolidado-apertura-r1-4-2026-08-25","d8fd2b45bf6ee9611e159e9f7b78b648850b9377","79069f741571efb5da5356049374ce646e6ee38e","BEHIND","0","571","https://github.com/juantoniolloretegea/SV-lenguaje-de-computacion/tree/d8fd2b45bf6ee9611e159e9f7b78b648850b9377"
"SV-lenguaje-de-computacion","agent/ffl-b-p0b-supervise-meta","daa7ac6980b6f16c27207442c50a4eace09603c9","79069f741571efb5da5356049374ce646e6ee38e","BEHIND","0","950","https://github.com/juantoniolloretegea/SV-lenguaje-de-computacion/tree/daa7ac6980b6f16c27207442c50a4eace09603c9"
"SV-lenguaje-de-computacion","agent/retp060-csv-transfer","dc125a222809c8a5843eadf479110fc16155855a","79069f741571efb5da5356049374ce646e6ee38e","DIVERGED","1","936","https://github.com/juantoniolloretegea/SV-lenguaje-de-computacion/tree/dc125a222809c8a5843eadf479110fc16155855a"
"SV-lenguaje-de-computacion","r1-3-unidad-3c-puente-resolucion-agregacion-2026-08-25","dc3bb360a7cc5e79e22a5b5ac576545420583835","79069f741571efb5da5356049374ce646e6ee38e","BEHIND","0","606","https://github.com/juantoniolloretegea/SV-lenguaje-de-computacion/tree/dc3bb360a7cc5e79e22a5b5ac576545420583835"
"SV-lenguaje-de-computacion","cierre-documental-r1-2-2026-08-25","de7305589abfe49883486379b758969dea0f4b6d","79069f741571efb5da5356049374ce646e6ee38e","BEHIND","0","640","https://github.com/juantoniolloretegea/SV-lenguaje-de-computacion/tree/de7305589abfe49883486379b758969dea0f4b6d"
"SV-lenguaje-de-computacion","n0-04-referencia-arquitectura-20260907","e1b9386ab7b845bb9e69056f7d27addf6172802a","79069f741571efb5da5356049374ce646e6ee38e","BEHIND","0","368","https://github.com/juantoniolloretegea/SV-lenguaje-de-computacion/tree/e1b9386ab7b845bb9e69056f7d27addf6172802a"
"SV-lenguaje-de-computacion","r0-6-ir03-representacion-soberana-2026-08-24","e42765ef3264478c6cc3d2a3262695743c90d758","79069f741571efb5da5356049374ce646e6ee38e","BEHIND","0","737","https://github.com/juantoniolloretegea/SV-lenguaje-de-computacion/tree/e42765ef3264478c6cc3d2a3262695743c90d758"
"SV-lenguaje-de-computacion","sec6-materializacion-c01-c03-2026-08-23","e6f8a5abcab9c26bf622aa7ff2322feaef86281b","79069f741571efb5da5356049374ce646e6ee38e","BEHIND","0","799","https://github.com/juantoniolloretegea/SV-lenguaje-de-computacion/tree/e6f8a5abcab9c26bf622aa7ff2322feaef86281b"
"SV-lenguaje-de-computacion","post-integracion-b2-saneamiento-despliegue-20260829","e7a165c85d4a1789a6fc607b1f4e58a1cfef616e","79069f741571efb5da5356049374ce646e6ee38e","BEHIND","0","465","https://github.com/juantoniolloretegea/SV-lenguaje-de-computacion/tree/e7a165c85d4a1789a6fc607b1f4e58a1cfef616e"
"SV-lenguaje-de-computacion","r1-3-primera-unidad-req-aplicabilidad-resultados-2026-08-25","e9555e3dca7cbcdfb6dc0a4da954261659dd7218","79069f741571efb5da5356049374ce646e6ee38e","BEHIND","0","632","https://github.com/juantoniolloretegea/SV-lenguaje-de-computacion/tree/e9555e3dca7cbcdfb6dc0a4da954261659dd7218"
"SV-lenguaje-de-computacion","fix/reconciliacion-final-b2-lector-20260830","e97a9426a7cc39be65aea9f13d90af0eabef740e","79069f741571efb5da5356049374ce646e6ee38e","BEHIND","0","418","https://github.com/juantoniolloretegea/SV-lenguaje-de-computacion/tree/e97a9426a7cc39be65aea9f13d90af0eabef740e"
"SV-lenguaje-de-computacion","reconciliacion-frontera-normativa-c01-c03-2026-08-24","e9c0f7955cfce892d903f88f9709ccc947332d89","79069f741571efb5da5356049374ce646e6ee38e","BEHIND","0","686","https://github.com/juantoniolloretegea/SV-lenguaje-de-computacion/tree/e9c0f7955cfce892d903f88f9709ccc947332d89"
"SV-lenguaje-de-computacion","contrato-f-20260907","ea93b944a990d06b3c5d97db2c16c0810bd1f76e","79069f741571efb5da5356049374ce646e6ee38e","BEHIND","0","353","https://github.com/juantoniolloretegea/SV-lenguaje-de-computacion/tree/ea93b944a990d06b3c5d97db2c16c0810bd1f76e"
"SV-lenguaje-de-computacion","retirada-python-k1-20260907","ec2aba0540980d123e5e245365e581d0672d1ef1","79069f741571efb5da5356049374ce646e6ee38e","BEHIND","0","365","https://github.com/juantoniolloretegea/SV-lenguaje-de-computacion/tree/ec2aba0540980d123e5e245365e581d0672d1ef1"
"SV-lenguaje-de-computacion","fila7-contexto-ligaduras-20260908","eeb7cf47bfbbbc6b617107b5976cde358a460377","79069f741571efb5da5356049374ce646e6ee38e","BEHIND","0","332","https://github.com/juantoniolloretegea/SV-lenguaje-de-computacion/tree/eeb7cf47bfbbbc6b617107b5976cde358a460377"
"SV-lenguaje-de-computacion","cierre-nuclear-20260904","f594724d98fa3c210cd748803c0cf5d963a127c1","79069f741571efb5da5356049374ce646e6ee38e","BEHIND","0","376","https://github.com/juantoniolloretegea/SV-lenguaje-de-computacion/tree/f594724d98fa3c210cd748803c0cf5d963a127c1"
"SV-lenguaje-de-computacion","fila7-registro-entrega-cyb-retp105-20260908","f7a2a9fed94ca19a5fdbaad47a4ea301da7ccd40","79069f741571efb5da5356049374ce646e6ee38e","BEHIND","0","307","https://github.com/juantoniolloretegea/SV-lenguaje-de-computacion/tree/f7a2a9fed94ca19a5fdbaad47a4ea301da7ccd40"
"SV-lenguaje-de-computacion","tmp-ignore","f9db7491a86269065d147bc73ecaf5cbd3f996f5","79069f741571efb5da5356049374ce646e6ee38e","BEHIND","0","741","https://github.com/juantoniolloretegea/SV-lenguaje-de-computacion/tree/f9db7491a86269065d147bc73ecaf5cbd3f996f5"
"SV-lenguaje-de-computacion","r1-1-formas-autoridad-envolvente-dominio-2026-08-24","fa8071ee75f3b5d29f04c1d12a29e174e996f254","79069f741571efb5da5356049374ce646e6ee38e","BEHIND","0","651","https://github.com/juantoniolloretegea/SV-lenguaje-de-computacion/tree/fa8071ee75f3b5d29f04c1d12a29e174e996f254"
"SV-lenguaje-de-computacion","r0-8-medicion-basal-nativa-2026-08-24","fb40acc713bb96a7576a3ab0fcc050b31f6d219c","79069f741571efb5da5356049374ce646e6ee38e","BEHIND","0","717","https://github.com/juantoniolloretegea/SV-lenguaje-de-computacion/tree/fb40acc713bb96a7576a3ab0fcc050b31f6d219c"
"SV-lenguaje-de-computacion","agent/calidad-redaccion-publica-2026-08-18","fb997aa328b09fe6e5e89cae7e5944958c4be4dc","79069f741571efb5da5356049374ce646e6ee38e","BEHIND","0","945","https://github.com/juantoniolloretegea/SV-lenguaje-de-computacion/tree/fb997aa328b09fe6e5e89cae7e5944958c4be4dc"
"SV-motor","sv-auth-v0.2","dac95b62adb42c408d0f2d1d50dbb3a12a3245ca","a8cd2319c004f76a1159cb382f7ed93b2d648bf3","DIVERGED","1","254","https://github.com/juantoniolloretegea/SV-motor/tree/dac95b62adb42c408d0f2d1d50dbb3a12a3245ca"
