PARTE_ID,Fecha,Hora_Europe_Madrid,Agente,Base_Verificacion,Alcance_Declarado,Base_Repositorio_Verificada,Actuaciones_Desde_Ultimo_Control_Secuencial,Actuaciones_Ejecutadas,Artefactos_Leidos,Resultado,Observaciones
PTA-2026-001,23/03/2026,16:59:50,Agente WLenguaje7 SV,VERIFICACION_INTEGRAL,"Evaluación del control adicional de barridos, base de verificación y partes por agente; integración con H2-pre y con la traza de calidad del ciclo pre-backend.",árbol del repositorio verificado auditado en el ciclo de formalización H1/H2-pre,Desde el último control secuencial formal no constaba todavía un registro específico de barrido ni de partes por agente dentro del árbol.,Evaluación de utilidad; adversarial; diseño de taxonomía de base de verificación; propuesta e institucionalización de barridos secuenciales y partes por agente; integración con el registro maestro.,README.md; docs/README.md; docs/calidad/README.md; docs/calidad/REGISTRO_EVOLUCION_TECNICA_PROYECTO.md; docs/calidad/REGISTRO_EVOLUCION_TECNICA_PROYECTO.csv; docs/calidad/REGISTRO_CALIDAD_HITOS_LENGUAJE_SV.csv; árbol del repositorio verificado completo en lectura de control.,Procede institucionalizar el control adicional sin inflar indebidamente la burocracia y sin apoyarse en fechas brutas del ZIP.,Este parte inicial deja trazabilidad suficiente del arranque del sistema de partes por agente.
PTA-2026-002,23/03/2026,17:45:05,Agente WLenguaje7 SV,VERIFICACION_INTEGRAL,Auditoría H2-A y formalización de la autorización restringida de apertura de H2 como frente arquitectónico-auditor de trabajo.,"árbol del repositorio verificado auditado tras la integración de H1, H2-pre, barridos y partes por agente.",Desde el último control secuencial se consolidó H2-pre como no bloqueo y se mantuvo la estabilidad técnica y documental del árbol sin hallazgos materiales de descoordinación.,Lectura completa del árbol del repositorio verificado; adversarial sobre autorización de H2; dictamen positivo de apertura restringida; preparación del lote registral y documental correspondiente.,README.md; docs/README.md; docs/arquitectura/README.md; docs/calidad/README.md; docs/index.html; docs/calidad/REGISTRO_CALIDAD_HITOS_LENGUAJE_SV.csv; docs/calidad/REGISTRO_EVOLUCION_TECNICA_PROYECTO.md; docs/calidad/REGISTRO_EVOLUCION_TECNICA_PROYECTO.csv; árbol del repositorio verificado completo en lectura de control.,Procede autorizar la apertura restringida de H2 sin marcar H2 como verificado y sin apertura automática del backend.,Este parte deja trazabilidad suficiente del paso desde H2-pre a H2-A.
PTA-2026-003,23/03/2026,20:02:35,Agente WLenguaje8 SV,VERIFICACION_INTEGRAL,"Aplicación, verificación posterior y cierre registral del parche correctivo funcional acotado del frontend.",árbol del repositorio verificado auditado tras la aplicación material del lote correctivo del frontend.,Desde el último control secuencial se mantenía H2 restringido consolidado y quedó abierto un lote correctivo local del frontend por auditoría externa contrastada.,Lectura corta del árbol del repositorio verificado; contraste fino de validator y tests; preparación del lote mínimo; verificación posterior del árbol actualizado; dictamen de cierre; preparación del microparche registral de acta y registros.,src/svp_errors.py; src/svp_parser.py; src/svp_validator.py; tests/run_conformance.py; tests/conformance/invalid/; tests/conformance/valid/; docs/calidad/PROCEDIMIENTO_AUDITORIA_TECNICA_SV.md; docs/calidad/REGISTRO_EVOLUCION_TECNICA_PROYECTO.md; docs/calidad/REGISTRO_EVOLUCION_TECNICA_PROYECTO.csv; docs/calidad/REGISTRO_BARRIDOS_DE_ACTIVIDAD_Y_LATENCIA_DEL_REPO.csv; docs/calidad/REGISTRO_PARTES_DE_TRABAJO_POR_AGENTE.csv; árbol del repositorio verificado completo en lectura de control.,"Procede cerrar y registrar el parche como lote terminado, sin reabrir H2 ni mezclar regularización amplia del contrato diagnóstico.",Este parte deja trazabilidad suficiente del paso desde la corrección funcional visible hasta su cierre registral y auditado.
PTA-2026-004,24/03/2026,08:48:50,Agente WBeta SV-UCBC8,VERIFICACION_INTEGRAL,"Cierre del primer paquete VII, implantación de gobierno semántico en el Lenguaje SV y regularización de reglas de no repetición tras detectar inferencias indebidas y errores de lectura material.","árbol del repositorio verificado del Lenguaje SV auditado en lectura completa de control, más árboles de repositorio verificados y evidencias CSV, HTML y documentales verificables del frente doctrinal VII.","Desde el último control secuencial se cerró el primer paquete doctrinal VII en publicaciones y registros; se abrió una capa de gobierno semántico para el Lenguaje SV y se detectaron errores operativos del agente relativos a ZIP, verificación material y precisión del protocolo GitHub.",Lectura real de árboles de repositorio verificados; auditoría y adversarial de releases VII; implantación de capa de gobierno semántico en docs/calidad; regularización de registros; identificación explícita de errores del agente; fijación de reglas de no repetición para futuras continuidades operativas.,docs/calidad/REGISTRO_PARTES_DE_TRABAJO_POR_AGENTE.md; docs/calidad/REGISTRO_PARTES_DE_TRABAJO_POR_AGENTE.csv; docs/calidad/README.md; docs/calidad/ESPEJO_DOCTRINAL_COLECCIONES_LENGUAJE_SV.md; docs/calidad/ESPEJO_DOCTRINAL_COLECCIONES_LENGUAJE_SV.csv; docs/calidad/MATRIZ_UCBC_HORIZONTES_LENGUAJE_SV.csv; docs/calidad/REGISTRO_EVOLUCION_TECNICA_PROYECTO.md; docs/calidad/REGISTRO_EVOLUCION_TECNICA_PROYECTO.csv; árboles de repositorio verificados doctrinales y del lenguaje; HTML y CSV verificados y descargados de GitHub.,Procede dejar trazabilidad explícita de errores de inferencia y de lectura material para impedir su repetición por agentes posteriores. Queda fijada la regla de inspección real de todo ZIP y de prevalencia del contenido interno del objeto sobre su nombre externo o sobre una memoria referencial no verificable.,Este parte cierra el ciclo operativo de WBeta SV-UCBC8 y deja instrucción preventiva directa para la continuidad operativa.
PTA-2026-005,25/03/2026,07:15:00,Agente WBeta SV-UCBC9,VERIFICACION_INTEGRAL,"Consolidación doctrinal y editorial de la familia VII hasta VII.3, apertura y saneamiento de matriz madre y espejo de sucesos, prueba de estrés al Lenguaje SV y preparación de continuidad hacia VII.4 y células especializadas.","árboles de repositorio verificados vigentes de SV-matematica-semantica y SV-lenguaje-de-computacion auditados materialmente, más evidencias CSV, HTML y documentales verificables, junto con manuscritos verificados del frente VII.","Desde el último control secuencial se abrió el frente VII.3, se integraron y corrigieron materiales doctrinales de la familia VII, se cargaron y auditaron matriz madre y espejo, y se ejecutó contraste real entre ese frente y el Lenguaje SV.","Lectura real de árboles de repositorio verificados; adversariales sucesivas sobre VII.3; saneamiento de README y artefactos de la familia VII; corrección de manuscritos desde HTML soberano; apertura, carga y microauditoría de matriz madre y espejo; prueba de estrés al Lenguaje SV; dictamen de continuidad hacia VII.4 y células especializadas; preparación de continuidad operativa a WBeta SV-UCBC10.","documentos/sucesos_horizontes_y_cambio_estructural/README.md; documentos/sucesos_horizontes_y_cambio_estructural/REGISTRO_EDITORIAL_COLECCION_SUCESOS.csv; documentos/sucesos_horizontes_y_cambio_estructural/matriz_capa_sucesos/README.md; documentos/sucesos_horizontes_y_cambio_estructural/matriz_capa_sucesos/MATRIZ_MADRE_EXTRACCION_DOCTRINAL_SUCESOS.csv; documentos/sucesos_horizontes_y_cambio_estructural/matriz_capa_sucesos/MATRIZ_ESPEJO_CONTRASTE_LENGUAJE_SV.csv; documentos/sucesos_horizontes_y_cambio_estructural/VII.0/; documentos/sucesos_horizontes_y_cambio_estructural/VII.1/; documentos/sucesos_horizontes_y_cambio_estructural/VII.2/; documento VII.3 y sus artefactos de publicación; docs/calidad/README.md; docs/calidad/REGISTRO_PARTES_DE_TRABAJO_POR_AGENTE.csv; docs/calidad/ESPEJO_DOCTRINAL_COLECCIONES_LENGUAJE_SV.md; docs/calidad/MATRIZ_UCBC_HORIZONTES_LENGUAJE_SV.csv; árboles de repositorio verificados doctrinales y del lenguaje; HTML, CSV y evidencia documental verificables descargados de GitHub.",Procede declarar consolidada la familia VII hasta VII.3 y suficientemente tensado el contraste con el Lenguaje SV. Queda justificada la apertura de VII.4 como siguiente frente correcto y la siembra fuerte del carril doctrinal de células especializadas del Sistema Vectorial SV.,"Este parte deja trazabilidad suficiente del cierre operativo de WBeta SV-UCBC9, de sus principales aciertos y de los riesgos evitados: no tratar al Lenguaje SV como vacío, no darlo por clausurado y no abrir VII.4 sin haber ejecutado antes la matriz y la prueba de estrés correspondientes."
PTA-2026-006,25/03/2026,21:07:32,Agente WBeta SV-UCBC10,VERIFICACION_INTEGRAL,"Consolidación doctrinal, editorial y técnica de la familia VII desde VII.4 hasta el frente VII.5; saneamiento de README/matriz; corrección de espejos GitHub desde HTML soberano; preparación de la continuidad operativa hacia VII.6.","árboles de repositorio verificados vigentes de SV-matematica-semantica y SV-lenguaje-de-computacion auditados materialmente, más HTML, paquetes comprimidos, evidencias documentales, CSV y manuscritos verificados de VII.4 y VII.5.","Desde el último control secuencial se recibió la familia VII consolidada hasta VII.3 con matriz y prueba de estrés al Lenguaje SV; se abrió VII.4, se integró y saneó su sede canónica, se resolvieron conflictos de merge y compatibilidad Markdown, se auditó y fortaleció VII.5 con laboratorio y segunda ronda tras auditoría externa, y se preparó la continuidad hacia VII.6.","Lectura real de árboles de repositorio verificados; integración material y saneamiento editorial de VII.4 desde HTML soberano; corrección de README de familia y de matriz de sucesos; resolución de conflicto residual de merge; auditoría forense de laboratorio y manuscrito de VII.4; delimitación, revisión troncal y segunda ronda de VII.5 con absorción de auditoría externa; preparación de espejo canónico para GitHub Desktop; corrección final de renderizado matemático inline y compatibilidad de GitHub; fijación del siguiente punto de decisión y preparación de la continuidad operativa hacia VII.6.","documentos/sucesos_horizontes_y_cambio_estructural/README.md; documentos/sucesos_horizontes_y_cambio_estructural/REGISTRO_EDITORIAL_COLECCION_SUCESOS.csv; documentos/sucesos_horizontes_y_cambio_estructural/matriz_capa_sucesos/README.md; documentos/sucesos_horizontes_y_cambio_estructural/VII.4/; documentos/sucesos_horizontes_y_cambio_estructural/VII.5/; documentos/sucesos_horizontes_y_cambio_estructural/matriz_capa_sucesos/MATRIZ_MADRE_EXTRACCION_DOCTRINAL_SUCESOS.csv; documentos/sucesos_horizontes_y_cambio_estructural/matriz_capa_sucesos/MATRIZ_ESPEJO_CONTRASTE_LENGUAJE_SV.csv; docs/calidad/README.md; docs/calidad/REGISTRO_PARTES_DE_TRABAJO_POR_AGENTE.csv; árboles de repositorio verificados doctrinal y del lenguaje; HTML, PDF, ZIP, CSV y manuscritos verificados y descargados de GitHub y PubPub.","Procede declarar plenamente estabilizado VII.4 en la sede canónica y suficientemente fortalecido VII.5 como siguiente pieza seria de la familia, con espejo canónico preparado y corregido para GitHub. El siguiente paso correcto es cerrar registralmente este ciclo y someter el tronco de VII.6 a auditoría fuerte antes de cualquier redacción final.","Este parte deja trazabilidad de los principales errores evitados y corregidos: no confundir HTML con .md soberano, no dar por limpio un merge sin lectura material, no tolerar notación matemática mal renderizada en GitHub y no inferir estructura interna del documento por arrastre desde VII.4. Queda como guardarraíl para la continuidad operativa que VII.6 debe abrirse desde problema propio, tríada mínima de relaciones, ejemplos SV(9,3) y laboratorio acompañante."
PTA-2026-007,26/03/2026,09:55:00,Agente WBeta SV-UCBC11,VERIFICACION_INTEGRAL,Sellado técnico mínimo prebackend del Lenguaje SV tras la absorción de dos auditorías externas y fijación del siguiente frente lógico en torno a células especializadas.,"árboles de repositorio verificados vigentes de SV-lenguaje-de-computacion y SV-matematica-semantica, más auditorías externas absorbidas y continuidad documental operativa suficiente.","Desde el último control secuencial quedó materialmente saneado el bloque congelado relativo a la familia VII y a su integración mínima; la presión real pasó a gobierno técnico de fundamento, deuda viva semántica mínima y corrección explícita del orden de continuidad.",Lectura real de árboles de repositorio verificados; triple contraste con auditorías externas; delimitación de PC-HNA como cierre provisional; apertura de nueva deuda viva semántica; corrección complementaria del rumbo prebackend; preparación del siguiente frente lógico como pieza marco de células especializadas.,"docs/calidad/ACTA_TECNICA_DE_CIERRE_PROVISIONAL_DE_PC_HNA_Y_CONDICIONES_DE_REAPERTURA_2026_03_26.md; docs/calidad/ACTA_TECNICA_COMPLEMENTARIA_DE_CONTINUIDAD_TRAS_LA_FAMILIA_VII_Y_REORDENACION_DEL_RUMBO_PREBACKEND_2026_03_26.md; docs/calidad/DEUDA_VIVA_HITOS_LENGUAJE_SV.csv; docs/calidad/MATRIZ_UCBC_HORIZONTES_LENGUAJE_SV.csv; docs/calidad/ESPEJO_DOCTRINAL_COLECCIONES_LENGUAJE_SV.md; docs/calidad/README.md; docs/calidad/REGISTRO_EVOLUCION_TECNICA_PROYECTO.md; docs/calidad/REGISTRO_EVOLUCION_TECNICA_PROYECTO.csv; docs/calidad/REGISTRO_PARTES_DE_TRABAJO_POR_AGENTE.csv; árboles de repositorio verificados doctrinal y del lenguaje; auditoría externa del 25/03/2026; auditoría adversarial adicional sobre puente semántico, semántica operacional y consulta.","Procede dejar fijado, por gobierno técnico explícito, que el siguiente frente correcto no es NLP ni el endurecimiento del backend, sino el sellado técnico mínimo y la posterior pieza marco de Células especializadas del Sistema Vectorial SV. Quedan asimismo nombrados los riesgos que no deben delegarse al cansancio humano: PC-HNA, comparabilidad independiente de Λ, semántica operacional mínima, adecuación semántica parcial y semántica de consulta.",Este parte deja trazabilidad suficiente de la corrección de secuencia y de los errores evitados: no tratar la colección preparada de células especializadas como si ya fuera colección pública absorbida; no abrir teoría total prematura; no empujar NLP antes de fijar un marco celular; y no reescribir silenciosamente decisiones previas cuando lo correcto era complementarlas.
PTA-2026-008,26/03/2026,NO_CONSTA,Agente WBeta SV-UCBC12,VERIFICACION_ACOTADA,"Asentamiento final del ciclo UCBC12, absorción del Acta como límite superior, apertura trazable del piloto de seguridad estructural y preparación de continuidad operativa a WBeta SV-UCBC13.",árbol del repositorio verificado de SV-lenguaje-de-computacion auditado materialmente; evidencia documental verificable de la sede doctrinal de células especializadas ya actualizada con la microauditoría piloto; continuidad documental operativa suficiente y artefactos publicados del ciclo.,"Desde el último control secuencial quedó publicada y blindada el Acta técnica de prohibición absoluta de uso bélico y primacía de supervivencia humana, se abrió materialmente la microauditoría del piloto de seguridad estructural en la sede doctrinal de células especializadas y persistieron asimetrías de asentamiento registral e indexación que exigían cierre antes de la continuidad operativa.","Lectura real del árbol del repositorio verificado técnico; triple contraste adversarial sobre Acta, README, registro técnico y sede doctrinal del carril celular; preparación de lote de asentamiento final; fijación explícita de deuda IR no bloqueante; delimitación del siguiente frente correcto como piloto de seguridad estructural; preparación de la continuidad operativa a WBeta SV-UCBC13 con alcance y prohibiciones expresas.",docs/calidad/ACTA_TECNICA_DE_PROHIBICION_ABSOLUTA_DE_USO_BELICO_Y_PRIMACIA_DE_SUPERVIVENCIA_HUMANA_EN_EL_SV_2026_03_26.md; docs/calidad/README.md; docs/calidad/REGISTRO_EVOLUCION_TECNICA_PROYECTO.md; docs/calidad/REGISTRO_EVOLUCION_TECNICA_PROYECTO.csv; docs/calidad/REGISTRO_PARTES_DE_TRABAJO_POR_AGENTE.md; docs/calidad/REGISTRO_PARTES_DE_TRABAJO_POR_AGENTE.csv; documentos/celulas_especializadas_sv/README.md en SV-matematica-semantica; MICROAUDITORIA_APERTURA_CELULA_PILOTO_SEGURIDAD_ESTRUCTURAL_SV_2026_03_26.md; evidencia documental verificable de la sede doctrinal celular; árbol del repositorio verificado técnico.,"Procede cerrar WBeta SV-UCBC12 sin abrir teoría nueva, sin reabrir el Acta y sin adelantar verificación/generación matemática. Queda fijado como siguiente frente correcto la continuación del piloto de seguridad estructural bajo el techo normativo ya publicado, con arrastre editorial congelado y sin endurecimiento prematuro de IR, runner o backend.","Este parte deja trazabilidad de los riesgos evitados: no confundir publicación ética con implementación técnica, no dejar una zona gris entre sede doctrinal y registro maestro, no convertir la deuda IR futura en bloqueo presente y no entregar a la unidad sucesora una responsabilidad difusa. El continuidad operativa identificada corresponde a WBeta SV-UCBC13, con misión delimitada sobre arrastre editorial congelado y continuación del piloto de seguridad estructural."
PTA-2026-009,16/08/2026,06:03,Agente Watson Publicaciones-Lenguaje,VERIFICACION_INTEGRAL,"Fijación de la fuente doctrinal del aprendizaje trazable, auditoría de material aprovechable y preservación de continuidad antes de abrir el frente DSL.","árbol vigente de SV-lenguaje-de-computacion en main y rama traceable-learning-ir-v0.1, fuente doctrinal en SV-matematica-semantica, IR v0.2, gramática v0.1, Calidad, SV-AUTH y documentación de IA trazable/custodia.","Desde el último control secuencial se cerró la publicación de aprendizaje trazable para envío internacional, se asignó DOI al preprint español, se ejecutó y envió a verificación la cápsula Code Ocean, se presentó la publicación a Journal of Automated Reasoning y se preservó una rama específica de continuidad N3/N4.","Lectura y contraste del acta de recepción, mapa v0.1, fuente doctrinal final, IR v0.2, gramática v0.1, AUTH y Calidad; recuperación de las distinciones sobre soporte, recuperación, custodia, procedencia y veredicto operacional; creación de acta complementaria; creación del mapa v0.2 en rama latente; sincronización de README, registro maestro dual, barrido y parte; verificación de que no se modifica IR, gramática ni código ejecutable.","docs/calidad/ACTA_TECNICA_DE_RECEPCION_DOCTRINAL_Y_PRESERVACION_DE_CONTINUIDAD_DEL_APRENDIZAJE_TRAZABLE_HACIA_IR_N3_N4_2026_08_15.md; docs/calidad/ACTA_TECNICA_COMPLEMENTARIA_DE_FIJACION_DE_FUENTE_DOCTRINAL_Y_PRESERVACION_PRE_DSL_DEL_APRENDIZAJE_TRAZABLE_2026_08_16.md; IR_CANONICA_BIENFORMACION_SV_v0_2.md; GRAMATICA_SUPERFICIAL_MINIMA_SV_v0_1.md; docs/arquitectura/NOTA_TECNICA_DE_PREVISION_DE_CAPA_IA_TRAZABLE_POR_AGENTE_ESPECIALIZADO.md; acta SV-AUTH; docs/calidad/README.md; registros RETP/BARR/PTA; mapas v0.1 y v0.2 de la rama traceable-learning-ir-v0.1; publicación doctrinal y sus identificadores persistentes.","Procede cerrar este hito como preservación pre-DSL: la doctrina y los elementos reutilizables están fijados, pero no existe base para introducir todavía sintaxis o nodos IR. El siguiente trabajo legítimo es la matriz doctrina ↔ IR ↔ cambio mínimo ↔ juicio ↔ error ↔ lowering ↔ evidencia antes de cualquier acta de reapertura implementativa.","Guardarraíles para la continuidad: no copiar al DSL nombres o campos del checker; no colapsar trayectoria, ledger y conocimiento activo; no confundir recuperación con aprendizaje nuevo; no convertir pérdida de evidencia en negación histórica; no permitir que aprendizaje altere autoridad; preservar REAL/SIM y las cuatro propiedades de continuidad bajo pérdida parcial."
PTA-2026-010,18/08/2026,18:49:00,Agente Watson Lenguaje SV,VERIFICACION_INTEGRAL,"Reentrada controlada del Lenguaje tras Ruta A; auditoría del trabajo heredado en FFL-A/FFL-B; materialización y contraste de E112, E113 y E307; reversión íntegra del intento E406 no mínimo; reparación y sincronización del control de calidad antes de rehacer el programa operativo.","main fresco de SV-lenguaje-de-computacion desde la reapertura del 18/08 hasta el estado posterior a la reparación registral; acta de reapertura; tablero FFL; IR v0.2; catálogo diagnóstico; validator; suite declarativa; matrices/crosswalk/deuda; docs/calidad; Dinámica del Suceso como fundamento superior ya cerrado.","Desde PTA-2026-009 se cerraron las compuertas matemáticas previas, se aprobó Ruta A y otra unidad avanzó FFL-A/FFL-B. Al asumir el frente se detectó una cadena de commits válida en parte, un parche E406 incompleto/no mínimo y un desfase grave: RETP, BARR y PTA no reflejaban la actividad del 18/08.","Lectura material del repositorio fresco; auditoría de los commits heredados; ratificación de FFL-A bajo Vía B; microcierres E112/E113/E307 bajo radio corto; reversión completa del intento E406; contraste editorial y conceptual de dependencias; revisión de interfaces y precursor del Panel del Experto; reparación de RETP CSV/MD; ejecución del barrido BARR-2026-006 y alta del presente parte.","ACTA_TECNICA_DE_REAPERTURA_DEL_LENGUAJE_SV_POR_RUTA_A_Y_RETORNO_A_FFL_A_2026_08_18.md; TABLERO_DE_BLOQUES_CERRABLES_DEL_FRENTE_FINAL_DEL_LENGUAJE_SV.csv; IR_CANONICA_BIENFORMACION_SV_v0_2.md; src/svp_errors.py; src/svp_validator.py; tests/run_conformance.py; docs/referencia/ERRORES_CANONICOS_SV_v0_2.md; matrices/crosswalk/deuda de docs/calidad; registros RETP/BARR/PTA; SV-matematica-semantica en el perímetro doctrinal pertinente; SVperitus-dataset sólo para contraste prospectivo del Panel del Experto.","El estado queda trazable y gobernado: FFL-A cerrado bajo Vía B; FFL-B único frente técnico activo; E112/E113/E307 materializados; E406 no aplicado y pendiente de nueva microauditoría; registros de calidad reparados antes de continuar. Procede rehacer ahora el programa operativo global de fases y precedencias.","No se declara ejecución nueva de la suite global. No se consideran el estado editorial externo de publicaciones en U, el saneamiento de espejos ITVIA/GitHub, las interfaces futuras, el Panel del Experto, el manual/wiki/diccionario ni NL→SVP como bloqueos del FFL-B inmediato."